parede_n,Amostra,Quadrante,Valor,D_m,Altura
1,1,1,0,0,1.30
1,1,1,33,10,1.30
1,1,1,81,15,1.30
1,1,1,98,20,1.30
1,1,1,183,25,1.30
1,1,1,212,30,1.30
1,1,1,470,35,1.30
1,2,2,0,0,1.30
1,2,2,38,10,1.30
1,2,2,98,15,1.30
1,2,2,211,20,1.30
1,2,2,305,25,1.30
1,2,2,400,30,1.30
1,2,2,685,35,1.30
1,3,3,0,0,1.10
1,3,3,30,10,1.10
1,3,3,44,15,1.10
1,3,3,83,20,1.10
1,3,3,117,25,1.10
1,3,3,150,30,1.10
1,3,3,228,35,1.10
1,4,4,0,0,1.10
1,4,4,43,10,1.10
1,4,4,77,15,1.10
1,4,4,115,20,1.10
1,4,4,138,25,1.10
1,4,4,313,30,1.10
1,4,4,398,35,1.10
1,5,5,0,0,0.90
1,5,5,35,10,0.90
1,5,5,65,15,0.90
1,5,5,120,20,0.90
1,5,5,173,25,0.90
1,5,5,358,30,0.90
1,5,5,676,35,0.90
1,6,6,0,0,0.90
1,6,6,49,10,0.90
1,6,6,66,15,0.90
1,6,6,101,20,0.90
1,6,6,185,25,0.90
1,6,6,246,30,0.90
1,6,6,344,35,0.90
1,7,7,0,0,0.70
1,7,7,58,10,0.70
1,7,7,94,15,0.70
1,7,7,129,20,0.70
1,7,7,162,25,0.70
1,7,7,190,30,0.70
1,7,7,225,35,0.70
1,8,8,0,0,0.70
1,8,8,43,10,0.70
1,8,8,100,15,0.70
1,8,8,133,20,0.70
1,8,8,159,25,0.70
1,8,8,164,30,0.70
1,8,8,210,35,0.70
1,9,9,0,0,0.50
1,9,9,45,10,0.50
1,9,9,69,15,0.50
1,9,9,98,20,0.50
1,9,9,173,25,0.50
1,9,9,207,30,0.50
1,9,9,237,35,0.50
1,10,10,0,0,0.50
1,10,10,36,10,0.50
1,10,10,77,15,0.50
1,10,10,109,20,0.50
1,10,10,206,25,0.50
1,10,10,335,30,0.50
1,10,10,344,35,0.50
1,11,11,0,0,0.30
1,11,11,29,10,0.30
1,11,11,67,15,0.30
1,11,11,96,20,0.30
1,11,11,133,25,0.30
1,11,11,157,30,0.30
1,11,11,175,35,0.30
1,12,12,0,0,0.30
1,12,12,28,10,0.30
1,12,12,58,15,0.30
1,12,12,80,20,0.30
1,12,12,110,25,0.30
1,12,12,160,30,0.30
1,12,12,220,35,0.30
1,13,1,0,0,1.30
1,13,1,32,10,1.30
1,13,1,93,15,1.30
1,13,1,98,20,1.30
1,13,1,183,25,1.30
1,13,1,211,30,1.30
1,13,1,413,35,1.30
1,14,2,0,0,1.30
1,14,2,36,10,1.30
1,14,2,67,15,1.30
1,14,2,148,20,1.30
1,14,2,267,25,1.30
1,14,2,363,30,1.30
1,14,2,400,35,1.30
1,15,3,0,0,1.10
1,15,3,33,10,1.10
1,15,3,46,15,1.10
1,15,3,84,20,1.10
1,15,3,115,25,1.10
1,15,3,146,30,1.10
1,15,3,270,35,1.10
1,16,4,0,0,1.10
1,16,4,41,10,1.10
1,16,4,67,15,1.10
1,16,4,101,20,1.10
1,16,4,149,25,1.10
1,16,4,161,30,1.10
1,16,4,203,35,1.10
1,17,5,0,0,0.90
1,17,5,36,10,0.90
1,17,5,68,15,0.90
1,17,5,121,20,0.90
1,17,5,195,25,0.90
1,17,5,347,30,0.90
1,17,5,643,35,0.90
1,18,6,0,0,0.90
1,18,6,38,10,0.90
1,18,6,66,15,0.90
1,18,6,100,20,0.90
1,18,6,160,25,0.90
1,18,6,207,30,0.90
1,18,6,322,35,0.90
1,19,7,0,0,0.70
1,19,7,54,10,0.70
1,19,7,86,15,0.70
1,19,7,129,20,0.70
1,19,7,178,25,0.70
1,19,7,196,30,0.70
1,19,7,219,35,0.70
1,20,8,0,0,0.70
1,20,8,50,10,0.70
1,20,8,80,15,0.70
1,20,8,120,20,0.70
1,20,8,137,25,0.70
1,20,8,186,30,0.70
1,20,8,246,35,0.70
1,21,9,0,0,0.50
1,21,9,36,10,0.50
1,21,9,74,15,0.50
1,21,9,127,20,0.50
1,21,9,173,25,0.50
1,21,9,237,30,0.50
1,21,9,272,35,0.50
1,22,10,0,0,0.50
1,22,10,36,10,0.50
1,22,10,69,15,0.50
1,22,10,144,20,0.50
1,22,10,178,25,0.50
1,22,10,205,30,0.50
1,22,10,236,35,0.50
1,23,11,0,0,0.30
1,23,11,38,10,0.30
1,23,11,69,15,0.30
1,23,11,110,20,0.30
1,23,11,135,25,0.30
1,23,11,155,30,0.30
1,23,11,211,35,0.30
1,24,12,0,0,0.30
1,24,12,27,10,0.30
1,24,12,56,15,0.30
1,24,12,83,20,0.30
1,24,12,110,25,0.30
1,24,12,160,30,0.30
1,24,12,221,35,0.30
1,25,1,0,0,1.30
1,25,1,32,10,1.30
1,25,1,81,15,1.30
1,25,1,106,20,1.30
1,25,1,173,25,1.30
1,25,1,210,30,1.30
1,25,1,355,35,1.30
1,26,2,0,0,1.30
1,26,2,33,10,1.30
1,26,2,70,15,1.30
1,26,2,149,20,1.30
1,26,2,215,25,1.30
1,26,2,422,30,1.30
1,26,2,994,35,1.30
1,27,3,0,0,1.10
1,27,3,36,10,1.10
1,27,3,45,15,1.10
1,27,3,82,20,1.10
1,27,3,155,25,1.10
1,27,3,162,30,1.10
1,27,3,177,35,1.10
1,28,4,0,0,1.10
1,28,4,39,10,1.10
1,28,4,65,15,1.10
1,28,4,100,20,1.10
1,28,4,135,25,1.10
1,28,4,152,30,1.10
1,28,4,217,35,1.10
1,29,5,0,0,0.90
1,29,5,36,10,0.90
1,29,5,70,15,0.90
1,29,5,121,20,0.90
1,29,5,244,25,0.90
1,29,5,420,30,0.90
1,29,5,514,35,0.90
1,30,6,0,0,0.90
1,30,6,41,10,0.90
1,30,6,79,15,0.90
1,30,6,116,20,0.90
1,30,6,186,25,0.90
1,30,6,238,30,0.90
1,30,6,361,35,0.90
1,31,7,0,0,0.70
1,31,7,55,10,0.70
1,31,7,83,15,0.70
1,31,7,111,20,0.70
1,31,7,145,25,0.70
1,31,7,187,30,0.70
1,31,7,260,35,0.70
1,32,8,0,0,0.70
1,32,8,55,10,0.70
1,32,8,78,15,0.70
1,32,8,134,20,0.70
1,32,8,147,25,0.70
1,32,8,194,30,0.70
1,32,8,284,35,0.70
1,33,9,0,0,0.50
1,33,9,36,10,0.50
1,33,9,75,15,0.50
1,33,9,99,20,0.50
1,33,9,152,25,0.50
1,33,9,198,30,0.50
1,33,9,220,35,0.50
1,34,10,0,0,0.50
1,34,10,45,10,0.50
1,34,10,71,15,0.50
1,34,10,135,20,0.50
1,34,10,153,25,0.50
1,34,10,160,30,0.50
1,34,10,201,35,0.50
1,35,11,0,0,0.30
1,35,11,46,10,0.30
1,35,11,77,15,0.30
1,35,11,107,20,0.30
1,35,11,123,25,0.30
1,35,11,134,30,0.30
1,35,11,145,35,0.30
1,36,12,0,0,0.30
1,36,12,27,10,0.30
1,36,12,63,15,0.30
1,36,12,82,20,0.30
1,36,12,96,25,0.30
1,36,12,176,30,0.30
1,36,12,230,35,0.30
1,37,1,0,0,1.30
1,37,1,33,10,1.30
1,37,1,89,15,1.30
1,37,1,102,20,1.30
1,37,1,171,25,1.30
1,37,1,210,30,1.30
1,37,1,445,35,1.30
1,38,2,0,0,1.30
1,38,2,37,10,1.30
1,38,2,67,15,1.30
1,38,2,145,20,1.30
1,38,2,214,25,1.30
1,38,2,378,30,1.30
1,38,2,767,35,1.30
1,39,3,0,0,1.10
1,39,3,38,10,1.10
1,39,3,45,15,1.10
1,39,3,91,20,1.10
1,39,3,126,25,1.10
1,39,3,208,30,1.10
1,39,3,267,35,1.10
1,40,4,0,0,1.10
1,40,4,41,10,1.10
1,40,4,66,15,1.10
1,40,4,110,20,1.10
1,40,4,153,25,1.10
1,40,4,158,30,1.10
1,40,4,454,35,1.10
1,41,5,0,0,0.90
1,41,5,37,10,0.90
1,41,5,71,15,0.90
1,41,5,174,20,0.90
1,41,5,272,25,0.90
1,41,5,607,30,0.90
1,41,5,766,35,0.90
1,42,6,0,0,0.90
1,42,6,40,10,0.90
1,42,6,78,15,0.90
1,42,6,109,20,0.90
1,42,6,124,25,0.90
1,42,6,172,30,0.90
1,42,6,286,35,0.90
1,43,7,0,0,0.70
1,43,7,59,10,0.70
1,43,7,80,15,0.70
1,43,7,96,20,0.70
1,43,7,139,25,0.70
1,43,7,150,30,0.70
1,43,7,260,35,0.70
1,44,8,0,0,0.70
1,44,8,47,10,0.70
1,44,8,79,15,0.70
1,44,8,98,20,0.70
1,44,8,135,25,0.70
1,44,8,170,30,0.70
1,44,8,236,35,0.70
1,45,9,0,0,0.50
1,45,9,44,10,0.50
1,45,9,67,15,0.50
1,45,9,99,20,0.50
1,45,9,166,25,0.50
1,45,9,168,30,0.50
1,45,9,294,35,0.50
1,46,10,0,0,0.50
1,46,10,37,10,0.50
1,46,10,66,15,0.50
1,46,10,108,20,0.50
1,46,10,148,25,0.50
1,46,10,196,30,0.50
1,46,10,212,35,0.50
1,47,11,0,0,0.30
1,47,11,28,10,0.30
1,47,11,48,15,0.30
1,47,11,79,20,0.30
1,47,11,109,25,0.30
1,47,11,131,30,0.30
1,47,11,167,35,0.30
1,48,12,0,0,0.30
1,48,12,40,10,0.30
1,48,12,61,15,0.30
1,48,12,100,20,0.30
1,48,12,157,25,0.30
1,48,12,187,30,0.30
1,48,12,236,35,0.30
1,49,1,0,0,1.30
1,49,1,32,10,1.30
1,49,1,100,15,1.30
1,49,1,98,20,1.30
1,49,1,181,25,1.30
1,49,1,210,30,1.30
1,49,1,395,35,1.30
1,50,2,0,0,1.30
1,50,2,37,10,1.30
1,50,2,104,15,1.30
1,50,2,148,20,1.30
1,50,2,213,25,1.30
1,50,2,340,30,1.30
1,50,2,706,35,1.30
1,51,3,0,0,1.10
1,51,3,37,10,1.10
1,51,3,45,15,1.10
1,51,3,91,20,1.10
1,51,3,123,25,1.10
1,51,3,156,30,1.10
1,51,3,231,35,1.10
1,52,4,0,0,1.10
1,52,4,41,10,1.10
1,52,4,79,15,1.10
1,52,4,146,20,1.10
1,52,4,172,25,1.10
1,52,4,206,30,1.10
1,52,4,272,35,1.10
1,53,5,0,0,0.90
1,53,5,36,10,0.90
1,53,5,72,15,0.90
1,53,5,163,20,0.90
1,53,5,219,25,0.90
1,53,5,558,30,0.90
1,53,5,731,35,0.90
1,54,6,0,0,0.90
1,54,6,39,10,0.90
1,54,6,63,15,0.90
1,54,6,102,20,0.90
1,54,6,184,25,0.90
1,54,6,238,30,0.90
1,54,6,394,35,0.90
1,55,7,0,0,0.70
1,55,7,51,10,0.70
1,55,7,70,15,0.70
1,55,7,97,20,0.70
1,55,7,149,25,0.70
1,55,7,159,30,0.70
1,55,7,245,35,0.70
1,56,8,0,0,0.70
1,56,8,42,10,0.70
1,56,8,78,15,0.70
1,56,8,116,20,0.70
1,56,8,129,25,0.70
1,56,8,162,30,0.70
1,56,8,181,35,0.70
1,57,9,0,0,0.50
1,57,9,35,10,0.50
1,57,9,68,15,0.50
1,57,9,83,20,0.50
1,57,9,151,25,0.50
1,57,9,159,30,0.50
1,57,9,212,35,0.50
1,58,10,0,0,0.50
1,58,10,33,10,0.50
1,58,10,61,15,0.50
1,58,10,134,20,0.50
1,58,10,154,25,0.50
1,58,10,161,30,0.50
1,58,10,190,35,0.50
1,59,11,0,0,0.30
1,59,11,34,10,0.30
1,59,11,55,15,0.30
1,59,11,115,20,0.30
1,59,11,123,25,0.30
1,59,11,157,30,0.30
1,59,11,209,35,0.30
1,60,12,0,0,0.30
1,60,12,41,10,0.30
1,60,12,68,15,0.30
1,60,12,90,20,0.30
1,60,12,169,25,0.30
1,60,12,189,30,0.30
1,60,12,247,35,0.30
1,61,1,0,0,1.30
1,61,1,33,10,1.30
1,61,1,80,15,1.30
1,61,1,106,20,1.30
1,61,1,171,25,1.30
1,61,1,210,30,1.30
1,61,1,452,35,1.30
1,62,2,0,0,1.30
1,62,2,37,10,1.30
1,62,2,98,15,1.30
1,62,2,149,20,1.30
1,62,2,251,25,1.30
1,62,2,348,30,1.30
1,62,2,725,35,1.30
1,63,3,0,0,1.10
1,63,3,34,10,1.10
1,63,3,46,15,1.10
1,63,3,93,20,1.10
1,63,3,126,25,1.10
1,63,3,156,30,1.10
1,63,3,370,35,1.10
1,64,4,0,0,1.10
1,64,4,37,10,1.10
1,64,4,66,15,1.10
1,64,4,94,20,1.10
1,64,4,125,25,1.10
1,64,4,156,30,1.10
1,64,4,250,35,1.10
1,65,5,0,0,0.90
1,65,5,36,10,0.90
1,65,5,71,15,0.90
1,65,5,217,20,0.90
1,65,5,257,25,0.90
1,65,5,415,30,0.90
1,65,5,615,35,0.90
1,66,6,0,0,0.90
1,66,6,38,10,0.90
1,66,6,62,15,0.90
1,66,6,115,20,0.90
1,66,6,155,25,0.90
1,66,6,238,30,0.90
1,66,6,421,35,0.90
1,67,7,0,0,0.70
1,67,7,53,10,0.70
1,67,7,86,15,0.70
1,67,7,95,20,0.70
1,67,7,127,25,0.70
1,67,7,149,30,0.70
1,67,7,209,35,0.70
1,68,8,0,0,0.70
1,68,8,44,10,0.70
1,68,8,78,15,0.70
1,68,8,103,20,0.70
1,68,8,124,25,0.70
1,68,8,142,30,0.70
1,68,8,213,35,0.70
1,69,9,0,0,0.50
1,69,9,36,10,0.50
1,69,9,68,15,0.50
1,69,9,84,20,0.50
1,69,9,133,25,0.50
1,69,9,161,30,0.50
1,69,9,207,35,0.50
1,70,10,0,0,0.50
1,70,10,39,10,0.50
1,70,10,61,15,0.50
1,70,10,134,20,0.50
1,70,10,183,25,0.50
1,70,10,200,30,0.50
1,70,10,232,35,0.50
1,71,11,0,0,0.30
1,71,11,34,10,0.30
1,71,11,67,15,0.30
1,71,11,76,20,0.30
1,71,11,109,25,0.30
1,71,11,123,30,0.30
1,71,11,147,35,0.30
1,72,12,0,0,0.30
1,72,12,27,10,0.30
1,72,12,63,15,0.30
1,72,12,90,20,0.30
1,72,12,119,25,0.30
1,72,12,171,30,0.30
1,72,12,243,35,0.30
1,73,1,0,0,1.30
1,73,1,33,10,1.30
1,73,1,98,15,1.30
1,73,1,98,20,1.30
1,73,1,185,25,1.30
1,73,1,221,30,1.30
1,73,1,419,35,1.30
1,74,2,0,0,1.30
1,74,2,37,10,1.30
1,74,2,88,15,1.30
1,74,2,132,20,1.30
1,74,2,265,25,1.30
1,74,2,360,30,1.30
1,74,2,551,35,1.30
1,75,3,0,0,1.10
1,75,3,34,10,1.10
1,75,3,52,15,1.10
1,75,3,103,20,1.10
1,75,3,136,25,1.10
1,75,3,153,30,1.10
1,75,3,323,35,1.10
1,76,4,0,0,1.10
1,76,4,35,10,1.10
1,76,4,68,15,1.10
1,76,4,113,20,1.10
1,76,4,125,25,1.10
1,76,4,186,30,1.10
1,76,4,217,35,1.10
1,77,5,0,0,0.90
1,77,5,36,10,0.90
1,77,5,73,15,0.90
1,77,5,176,20,0.90
1,77,5,269,25,0.90
1,77,5,425,30,0.90
1,77,5,583,35,0.90
1,78,6,0,0,0.90
1,78,6,35,10,0.90
1,78,6,63,15,0.90
1,78,6,100,20,0.90
1,78,6,126,25,0.90
1,78,6,247,30,0.90
1,78,6,395,35,0.90
1,79,7,0,0,0.70
1,79,7,49,10,0.70
1,79,7,74,15,0.70
1,79,7,99,20,0.70
1,79,7,126,25,0.70
1,79,7,149,30,0.70
1,79,7,221,35,0.70
1,80,8,0,0,0.70
1,80,8,44,10,0.70
1,80,8,69,15,0.70
1,80,8,103,20,0.70
1,80,8,142,25,0.70
1,80,8,164,30,0.70
1,80,8,184,35,0.70
1,81,9,0,0,0.50
1,81,9,36,10,0.50
1,81,9,68,15,0.50
1,81,9,82,20,0.50
1,81,9,136,25,0.50
1,81,9,199,30,0.50
1,81,9,203,35,0.50
1,82,10,0,0,0.50
1,82,10,41,10,0.50
1,82,10,52,15,0.50
1,82,10,135,20,0.50
1,82,10,198,25,0.50
1,82,10,207,30,0.50
1,82,10,250,35,0.50
1,83,11,0,0,0.30
1,83,11,28,10,0.30
1,83,11,44,15,0.30
1,83,11,71,20,0.30
1,83,11,104,25,0.30
1,83,11,125,30,0.30
1,83,11,135,35,0.30
1,84,12,0,0,0.30
1,84,12,40,10,0.30
1,84,12,63,15,0.30
1,84,12,88,20,0.30
1,84,12,130,25,0.30
1,84,12,167,30,0.30
1,84,12,236,35,0.30
1,85,1,0,0,1.30
1,85,1,32,10,1.30
1,85,1,83,15,1.30
1,85,1,109,20,1.30
1,85,1,171,25,1.30
1,85,1,221,30,1.30
1,85,1,402,35,1.30
1,86,2,0,0,1.30
1,86,2,37,10,1.30
1,86,2,89,15,1.30
1,86,2,149,20,1.30
1,86,2,215,25,1.30
1,86,2,409,30,1.30
1,86,2,595,35,1.30
1,87,3,0,0,1.10
1,87,3,34,10,1.10
1,87,3,45,15,1.10
1,87,3,87,20,1.10
1,87,3,126,25,1.10
1,87,3,139,30,1.10
1,87,3,352,35,1.10
1,88,4,0,0,1.10
1,88,4,21,10,1.10
1,88,4,64,15,1.10
1,88,4,106,20,1.10
1,88,4,92,25,1.10
1,88,4,143,30,1.10
1,88,4,189,35,1.10
1,89,5,0,0,0.90
1,89,5,35,10,0.90
1,89,5,70,15,0.90
1,89,5,122,20,0.90
1,89,5,165,25,0.90
1,89,5,485,30,0.90
1,89,5,510,35,0.90
1,90,6,0,0,0.90
1,90,6,33,10,0.90
1,90,6,68,15,0.90
1,90,6,101,20,0.90
1,90,6,130,25,0.90
1,90,6,193,30,0.90
1,90,6,266,35,0.90
1,91,7,0,0,0.70
1,91,7,41,10,0.70
1,91,7,62,15,0.70
1,91,7,93,20,0.70
1,91,7,120,25,0.70
1,91,7,146,30,0.70
1,91,7,199,35,0.70
1,92,8,0,0,0.70
1,92,8,45,10,0.70
1,92,8,73,15,0.70
1,92,8,101,20,0.70
1,92,8,126,25,0.70
1,92,8,151,30,0.70
1,92,8,185,35,0.70
1,93,9,0,0,0.50
1,93,9,36,10,0.50
1,93,9,58,15,0.50
1,93,9,78,20,0.50
1,93,9,123,25,0.50
1,93,9,179,30,0.50
1,93,9,199,35,0.50
1,94,10,0,0,0.50
1,94,10,44,10,0.50
1,94,10,62,15,0.50
1,94,10,132,20,0.50
1,94,10,177,25,0.50
1,94,10,197,30,0.50
1,94,10,229,35,0.50
1,95,11,0,0,0.30
1,95,11,28,10,0.30
1,95,11,51,15,0.30
1,95,11,78,20,0.30
1,95,11,106,25,0.30
1,95,11,125,30,0.30
1,95,11,143,35,0.30
1,96,12,0,0,0.30
1,96,12,40,10,0.30
1,96,12,59,15,0.30
1,96,12,82,20,0.30
1,96,12,158,25,0.30
1,96,12,180,30,0.30
1,96,12,217,35,0.30
1,97,1,0,0,1.30
1,97,1,37,10,1.30
1,97,1,96,15,1.30
1,97,1,101,20,1.30
1,97,1,179,25,1.30
1,97,1,210,30,1.30
1,97,1,392,35,1.30
1,98,2,0,0,1.30
1,98,2,37,10,1.30
1,98,2,83,15,1.30
1,98,2,149,20,1.30
1,98,2,265,25,1.30
1,98,2,356,30,1.30
1,98,2,466,35,1.30
1,99,3,0,0,1.10
1,99,3,34,10,1.10
1,99,3,46,15,1.10
1,99,3,94,20,1.10
1,99,3,161,25,1.10
1,99,3,234,30,1.10
1,99,3,353,35,1.10
1,100,4,0,0,1.10
1,100,4,22,10,1.10
1,100,4,57,15,1.10
1,100,4,94,20,1.10
1,100,4,137,25,1.10
1,100,4,155,30,1.10
1,100,4,189,35,1.10
1,101,5,0,0,0.90
1,101,5,38,10,0.90
1,101,5,64,15,0.90
1,101,5,136,20,0.90
1,101,5,202,25,0.90
1,101,5,458,30,0.90
1,101,5,656,35,0.90
1,102,6,0,0,0.90
1,102,6,38,10,0.90
1,102,6,66,15,0.90
1,102,6,98,20,0.90
1,102,6,128,25,0.90
1,102,6,233,30,0.90
1,102,6,318,35,0.90
1,103,7,0,0,0.70
1,103,7,50,10,0.70
1,103,7,79,15,0.70
1,103,7,94,20,0.70
1,103,7,121,25,0.70
1,103,7,145,30,0.70
1,103,7,193,35,0.70
1,104,8,0,0,0.70
1,104,8,40,10,0.70
1,104,8,68,15,0.70
1,104,8,99,20,0.70
1,104,8,140,25,0.70
1,104,8,174,30,0.70
1,104,8,227,35,0.70
1,105,9,0,0,0.50
1,105,9,36,10,0.50
1,105,9,59,15,0.50
1,105,9,80,20,0.50
1,105,9,130,25,0.50
1,105,9,163,30,0.50
1,105,9,183,35,0.50
1,106,10,0,0,0.50
1,106,10,34,10,0.50
1,106,10,72,15,0.50
1,106,10,135,20,0.50
1,106,10,154,25,0.50
1,106,10,173,30,0.50
1,106,10,202,35,0.50
1,107,11,0,0,0.30
1,107,11,31,10,0.30
1,107,11,48,15,0.30
1,107,11,71,20,0.30
1,107,11,103,25,0.30
1,107,11,118,30,0.30
1,107,11,147,35,0.30
1,108,12,0,0,0.30
1,108,12,37,10,0.30
1,108,12,73,15,0.30
1,108,12,91,20,0.30
1,108,12,114,25,0.30
1,108,12,178,30,0.30
1,108,12,220,35,0.30
1,109,1,0,0,1.30
1,109,1,43,10,1.30
1,109,1,74,15,1.30
1,109,1,116,20,1.30
1,109,1,177,25,1.30
1,109,1,284,30,1.30
1,109,1,433,35,1.30
1,110,2,0,0,1.30
1,110,2,38,10,1.30
1,110,2,85,15,1.30
1,110,2,156,20,1.30
1,110,2,287,25,1.30
1,110,2,364,30,1.30
1,110,2,655,35,1.30
1,111,3,0,0,1.10
1,111,3,34,10,1.10
1,111,3,45,15,1.10
1,111,3,91,20,1.10
1,111,3,115,25,1.10
1,111,3,153,30,1.10
1,111,3,340,35,1.10
1,112,4,0,0,1.10
1,112,4,35,10,1.10
1,112,4,56,15,1.10
1,112,4,98,20,1.10
1,112,4,111,25,1.10
1,112,4,155,30,1.10
1,112,4,211,35,1.10
1,113,5,0,0,0.90
1,113,5,36,10,0.90
1,113,5,70,15,0.90
1,113,5,161,20,0.90
1,113,5,202,25,0.90
1,113,5,459,30,0.90
1,113,5,582,35,0.90
1,114,6,0,0,0.90
1,114,6,37,10,0.90
1,114,6,63,15,0.90
1,114,6,117,20,0.90
1,114,6,161,25,0.90
1,114,6,230,30,0.90
1,114,6,273,35,0.90
1,115,7,0,0,0.70
1,115,7,51,10,0.70
1,115,7,69,15,0.70
1,115,7,89,20,0.70
1,115,7,121,25,0.70
1,115,7,149,30,0.70
1,115,7,191,35,0.70
1,116,8,0,0,0.70
1,116,8,44,10,0.70
1,116,8,67,15,0.70
1,116,8,96,20,0.70
1,116,8,149,25,0.70
1,116,8,171,30,0.70
1,116,8,191,35,0.70
1,117,9,0,0,0.50
1,117,9,36,10,0.50
1,117,9,59,15,0.50
1,117,9,84,20,0.50
1,117,9,129,25,0.50
1,117,9,145,30,0.50
1,117,9,169,35,0.50
1,118,10,0,0,0.50
1,118,10,45,10,0.50
1,118,10,65,15,0.50
1,118,10,135,20,0.50
1,118,10,161,25,0.50
1,118,10,180,30,0.50
1,118,10,216,35,0.50
1,119,11,0,0,0.30
1,119,11,28,10,0.30
1,119,11,54,15,0.30
1,119,11,70,20,0.30
1,119,11,111,25,0.30
1,119,11,123,30,0.30
1,119,11,143,35,0.30
1,120,12,0,0,0.30
1,120,12,38,10,0.30
1,120,12,69,15,0.30
1,120,12,99,20,0.30
1,120,12,164,25,0.30
1,120,12,197,30,0.30
1,120,12,211,35,0.30
2,121,1,0.00,0,1.30
2,121,1,44.40,10,1.30
2,121,1,75.00,15,1.30
2,121,1,96.50,20,1.30
2,121,1,104.80,25,1.30
2,121,1,156.60,30,1.30
2,121,1,218.00,35,1.30
2,122,2,0.00,0,1.30
2,122,2,93.30,10,1.30
2,122,2,154.50,15,1.30
2,122,2,154.30,20,1.30
2,122,2,243.00,25,1.30
2,122,2,385.00,30,1.30
2,122,2,667.00,35,1.30
2,123,3,0.00,0,1.10
2,123,3,29.80,10,1.10
2,123,3,55.20,15,1.10
2,123,3,80.10,20,1.10
2,123,3,94.00,25,1.10
2,123,3,125.90,30,1.10
2,123,3,317.00,35,1.10
2,124,4,0.00,0,1.10
2,124,4,39.80,10,1.10
2,124,4,88.70,15,1.10
2,124,4,123.50,20,1.10
2,124,4,161.10,25,1.10
2,124,4,526.00,30,1.10
2,124,4,747.00,35,1.10
2,125,5,0.00,0,0.90
2,125,5,72.80,10,0.90
2,125,5,94.00,15,0.90
2,125,5,133.20,20,0.90
2,125,5,173.20,25,0.90
2,125,5,166.30,30,0.90
2,125,5,240.00,35,0.90
2,126,6,0.00,0,0.90
2,126,6,37.60,10,0.90
2,126,6,68.60,15,0.90
2,126,6,96.30,20,0.90
2,126,6,119.90,25,0.90
2,126,6,182.70,30,0.90
2,126,6,174.50,35,0.90
2,127,7,0.00,0,0.70
2,127,7,24.90,10,0.70
2,127,7,64.10,15,0.70
2,127,7,95.30,20,0.70
2,127,7,124.10,25,0.70
2,127,7,158.20,30,0.70
2,127,7,202.00,35,0.70
2,128,8,0.00,0,0.70
2,128,8,39.40,10,0.70
2,128,8,71.30,15,0.70
2,128,8,113.20,20,0.70
2,128,8,141.70,25,0.70
2,128,8,202.00,30,0.70
2,128,8,377.00,35,0.70
2,129,9,0.00,0,0.50
2,129,9,28.50,10,0.50
2,129,9,55.50,15,0.50
2,129,9,81.40,20,0.50
2,129,9,111.00,25,0.50
2,129,9,163.00,30,0.50
2,129,9,208.00,35,0.50
2,130,10,0.00,0,0.50
2,130,10,35.00,10,0.50
2,130,10,59.90,15,0.50
2,130,10,108.00,20,0.50
2,130,10,146.90,25,0.50
2,130,10,159.00,30,0.50
2,130,10,231.00,35,0.50
2,131,11,0.00,0,0.30
2,131,11,35.70,10,0.30
2,131,11,66.60,15,0.30
2,131,11,88.90,20,0.30
2,131,11,279.00,25,0.30
2,131,11,222.00,30,0.30
2,131,11,421.00,35,0.30
2,132,12,0.00,0,0.30
2,132,12,38.00,10,0.30
2,132,12,71.90,15,0.30
2,132,12,158.60,20,0.30
2,132,12,162.30,25,0.30
2,132,12,240.00,30,0.30
2,132,12,410.00,35,0.30
2,133,1,0.00,0,1.30
2,133,1,38.40,10,1.30
2,133,1,70.30,15,1.30
2,133,1,85.40,20,1.30
2,133,1,102.60,25,1.30
2,133,1,140.60,30,1.30
2,133,1,246.00,35,1.30
2,134,3,0.00,0,1.10
2,134,3,33.90,10,1.10
2,134,3,56.60,15,1.10
2,134,3,89.60,20,1.10
2,134,3,94.60,25,1.10
2,134,3,147.20,30,1.10
2,134,3,219.00,35,1.10
2,135,4,0.00,0,1.10
2,135,4,55.00,10,1.10
2,135,4,97.10,15,1.10
2,135,4,121.80,20,1.10
2,135,4,168.70,25,1.10
2,135,4,468.00,30,1.10
2,135,4,667.00,35,1.10
2,136,5,0.00,0,0.90
2,136,5,48.70,10,0.90
2,136,5,75.50,15,0.90
2,136,5,130.90,20,0.90
2,136,5,176.80,25,0.90
2,136,5,175.30,30,0.90
2,136,5,242.00,35,0.90
2,137,6,0.00,0,0.90
2,137,6,35.00,10,0.90
2,137,6,67.20,15,0.90
2,137,6,86.50,20,0.90
2,137,6,112.50,25,0.90
2,137,6,142.20,30,0.90
2,137,6,204.00,35,0.90
2,138,7,0.00,0,0.70
2,138,7,19.80,10,0.70
2,138,7,62.00,15,0.70
2,138,7,92.20,20,0.70
2,138,7,125.00,25,0.70
2,138,7,172.70,30,0.70
2,138,7,203.00,35,0.70
2,139,8,0.00,0,0.70
2,139,8,35.20,10,0.70
2,139,8,57.60,15,0.70
2,139,8,105.20,20,0.70
2,139,8,141.70,25,0.70
2,139,8,209.00,30,0.70
2,139,8,317.00,35,0.70
2,140,9,0.00,0,0.50
2,140,9,27.80,10,0.50
2,140,9,55.60,15,0.50
2,140,9,78.70,20,0.50
2,140,9,91.60,25,0.50
2,140,9,142.80,30,0.50
2,140,9,205.00,35,0.50
2,141,10,0.00,0,0.50
2,141,10,38.40,10,0.50
2,141,10,61.60,15,0.50
2,141,10,95.30,20,0.50
2,141,10,115.10,25,0.50
2,141,10,146.40,30,0.50
2,141,10,177.80,35,0.50
2,142,11,0.00,0,0.30
2,142,11,35.40,10,0.30
2,142,11,61.50,15,0.30
2,142,11,81.60,20,0.30
2,142,11,228.00,25,0.30
2,142,11,214.00,30,0.30
2,142,11,241.00,35,0.30
2,143,12,0.00,0,0.30
2,143,12,37.60,10,0.30
2,143,12,101.30,15,0.30
2,143,12,149.50,20,0.30
2,143,12,177.50,25,0.30
2,143,12,263.00,30,0.30
2,143,12,224.00,35,0.30
2,144,1,0.00,0,1.30
2,144,1,37.30,10,1.30
2,144,1,83.80,15,1.30
2,144,1,80.30,20,1.30
2,144,1,105.10,25,1.30
2,144,1,157.90,30,1.30
2,144,1,223.00,35,1.30
2,145,3,0.00,0,1.10
2,145,3,37.50,10,1.10
2,145,3,58.90,15,1.10
2,145,3,79.90,20,1.10
2,145,3,98.30,25,1.10
2,145,3,141.60,30,1.10
2,145,3,221.00,35,1.10
2,146,4,0.00,0,1.10
2,146,4,61.10,10,1.10
2,146,4,95.90,15,1.10
2,146,4,124.00,20,1.10
2,146,4,159.90,25,1.10
2,146,4,380.00,30,1.10
2,146,4,735.00,35,1.10
2,147,5,0.00,0,0.90
2,147,5,51.00,10,0.90
2,147,5,75.10,15,0.90
2,147,5,146.90,20,0.90
2,147,5,157.20,25,0.90
2,147,5,176.40,30,0.90
2,147,5,241.00,35,0.90
2,148,6,0.00,0,0.90
2,148,6,36.10,10,0.90
2,148,6,67.50,15,0.90
2,148,6,86.50,20,0.90
2,148,6,120.70,25,0.90
2,148,6,144.30,30,0.90
2,148,6,211.00,35,0.90
2,149,7,0.00,0,0.70
2,149,7,27.70,10,0.70
2,149,7,61.90,15,0.70
2,149,7,93.00,20,0.70
2,149,7,123.50,25,0.70
2,149,7,158.40,30,0.70
2,149,7,202.00,35,0.70
2,150,8,0.00,0,0.70
2,150,8,45.50,10,0.70
2,150,8,57.20,15,0.70
2,150,8,101.10,20,0.70
2,150,8,141.90,25,0.70
2,150,8,243.00,30,0.70
2,150,8,307.00,35,0.70
2,151,9,0.00,0,0.50
2,151,9,28.50,10,0.50
2,151,9,56.00,15,0.50
2,151,9,71.10,20,0.50
2,151,9,93.80,25,0.50
2,151,9,115.20,30,0.50
2,151,9,208.00,35,0.50
2,152,10,0.00,0,0.50
2,152,10,38.30,10,0.50
2,152,10,61.50,15,0.50
2,152,10,96.60,20,0.50
2,152,10,132.80,25,0.50
2,152,10,174.10,30,0.50
2,152,10,210.00,35,0.50
2,153,11,0.00,0,0.30
2,153,11,36.00,10,0.30
2,153,11,61.80,15,0.30
2,153,11,93.70,20,0.30
2,153,11,178.40,25,0.30
2,153,11,191.60,30,0.30
2,153,11,231.00,35,0.30
2,154,12,0.00,0,0.30
2,154,12,33.70,10,0.30
2,154,12,84.80,15,0.30
2,154,12,153.80,20,0.30
2,154,12,153.70,25,0.30
2,154,12,278.00,30,0.30
2,154,12,226.00,35,0.30
2,155,1,0.00,0,1.30
2,155,1,31.30,10,1.30
2,155,1,83.90,15,1.30
2,155,1,87.50,20,1.30
2,155,1,105.00,25,1.30
2,155,1,156.40,30,1.30
2,155,1,231.00,35,1.30
2,156,3,0.00,0,1.10
2,156,3,33.80,10,1.10
2,156,3,56.10,15,1.10
2,156,3,79.00,20,1.10
2,156,3,95.90,25,1.10
2,156,3,125.70,30,1.10
2,156,3,191.10,35,1.10
2,157,4,0.00,0,1.10
2,157,4,60.60,10,1.10
2,157,4,106.80,15,1.10
2,157,4,120.10,20,1.10
2,157,4,156.60,25,1.10
2,157,4,424.00,30,1.10
2,157,4,610.00,35,1.10
2,158,5,0.00,0,0.90
2,158,5,51.00,10,0.90
2,158,5,74.60,15,0.90
2,158,5,144.30,20,0.90
2,158,5,158.50,25,0.90
2,158,5,175.30,30,0.90
2,158,5,227.00,35,0.90
2,159,6,0.00,0,0.90
2,159,6,31.90,10,0.90
2,159,6,67.80,15,0.90
2,159,6,86.50,20,0.90
2,159,6,123.60,25,0.90
2,159,6,143.00,30,0.90
2,159,6,218.00,35,0.90
2,160,7,0.00,0,0.70
2,160,7,19.40,10,0.70
2,160,7,62.00,15,0.70
2,160,7,92.00,20,0.70
2,160,7,122.50,25,0.70
2,160,7,165.60,30,0.70
2,160,7,192.10,35,0.70
2,161,8,0.00,0,0.70
2,161,8,44.50,10,0.70
2,161,8,71.90,15,0.70
2,161,8,105.70,20,0.70
2,161,8,182.30,25,0.70
2,161,8,257.00,30,0.70
2,161,8,313.00,35,0.70
2,162,9,0.00,0,0.50
2,162,9,25.30,10,0.50
2,162,9,57.20,15,0.50
2,162,9,71.10,20,0.50
2,162,9,94.00,25,0.50
2,162,9,116.10,30,0.50
2,162,9,167.80,35,0.50
2,163,10,0.00,0,0.50
2,163,10,38.20,10,0.50
2,163,10,53.60,15,0.50
2,163,10,95.50,20,0.50
2,163,10,115.80,25,0.50
2,163,10,144.10,30,0.50
2,163,10,176.70,35,0.50
2,164,11,0.00,0,0.30
2,164,11,35.20,10,0.30
2,164,11,65.30,15,0.30
2,164,11,87.20,20,0.30
2,164,11,193.30,25,0.30
2,164,11,165.80,30,0.30
2,164,11,233.00,35,0.30
2,165,12,0.00,0,0.30
2,165,12,35.90,10,0.30
2,165,12,65.40,15,0.30
2,165,12,178.80,20,0.30
2,165,12,152.30,25,0.30
2,165,12,206.00,30,0.30
2,165,12,226.00,35,0.30
2,166,1,0.00,0,1.30
2,166,1,42.70,10,1.30
2,166,1,89.10,15,1.30
2,166,1,76.30,20,1.30
2,166,1,103.80,25,1.30
2,166,1,155.80,30,1.30
2,166,1,251.00,35,1.30
2,167,3,0.00,0,1.10
2,167,3,36.40,10,1.10
2,167,3,57.90,15,1.10
2,167,3,80.60,20,1.10
2,167,3,96.50,25,1.10
2,167,3,120.80,30,1.10
2,167,3,241.00,35,1.10
2,168,4,0.00,0,1.10
2,168,4,56.40,10,1.10
2,168,4,103.00,15,1.10
2,168,4,130.00,20,1.10
2,168,4,158.30,25,1.10
2,168,4,664.00,30,1.10
2,168,4,770.00,35,1.10
2,169,5,0.00,0,0.90
2,169,5,60.80,10,0.90
2,169,5,76.90,15,0.90
2,169,5,160.00,20,0.90
2,169,5,174.00,25,0.90
2,169,5,173.50,30,0.90
2,169,5,255.00,35,0.90
2,170,6,0.00,0,0.90
2,170,6,35.60,10,0.90
2,170,6,71.90,15,0.90
2,170,6,87.00,20,0.90
2,170,6,128.60,25,0.90
2,170,6,127.00,30,0.90
2,170,6,162.70,35,0.90
2,171,7,0.00,0,0.70
2,171,7,20.20,10,0.70
2,171,7,62.60,15,0.70
2,171,7,92.80,20,0.70
2,171,7,123.50,25,0.70
2,171,7,173.40,30,0.70
2,171,7,202.00,35,0.70
2,172,8,0.00,0,0.70
2,172,8,57.80,10,0.70
2,172,8,64.70,15,0.70
2,172,8,102.20,20,0.70
2,172,8,140.70,25,0.70
2,172,8,189.70,30,0.70
2,172,8,513.00,35,0.70
2,173,9,0.00,0,0.50
2,173,9,28.80,10,0.50
2,173,9,56.60,15,0.50
2,173,9,70.60,20,0.50
2,173,9,93.60,25,0.50
2,173,9,105.90,30,0.50
2,173,9,167.30,35,0.50
2,174,10,0.00,0,0.50
2,174,10,36.50,10,0.50
2,174,10,61.00,15,0.50
2,174,10,103.50,20,0.50
2,174,10,114.90,25,0.50
2,174,10,159.20,30,0.50
2,174,10,204.00,35,0.50
2,175,11,0.00,0,0.30
2,175,11,36.80,10,0.30
2,175,11,66.30,15,0.30
2,175,11,85.40,20,0.30
2,175,11,144.20,25,0.30
2,175,11,125.00,30,0.30
2,175,11,214.00,35,0.30
2,176,12,0.00,0,0.30
2,176,12,37.10,10,0.30
2,176,12,72.70,15,0.30
2,176,12,116.70,20,0.30
2,176,12,176.50,25,0.30
2,176,12,242.00,30,0.30
2,176,12,228.00,35,0.30
2,177,1,0.00,0,1.30
2,177,1,45.50,10,1.30
2,177,1,83.10,15,1.30
2,177,1,86.00,20,1.30
2,177,1,111.60,25,1.30
2,177,1,162.70,30,1.30
2,177,1,215.00,35,1.30
2,178,3,0.00,0,1.10
2,178,3,32.00,10,1.10
2,178,3,56.00,15,1.10
2,178,3,79.40,20,1.10
2,178,3,93.80,25,1.10
2,178,3,113.10,30,1.10
2,178,3,239.00,35,1.10
2,179,4,0.00,0,1.10
2,179,4,74.50,10,1.10
2,179,4,83.40,15,1.10
2,179,4,123.00,20,1.10
2,179,4,159.80,25,1.10
2,179,4,424.00,30,1.10
2,179,4,617.00,35,1.10
2,180,5,0.00,0,0.90
2,180,5,46.50,10,0.90
2,180,5,73.00,15,0.90
2,180,5,133.00,20,0.90
2,180,5,170.80,25,0.90
2,180,5,188.60,30,0.90
2,180,5,246.00,35,0.90
2,181,6,0.00,0,0.90
2,181,6,35.50,10,0.90
2,181,6,67.20,15,0.90
2,181,6,86.50,20,0.90
2,181,6,112.90,25,0.90
2,181,6,135.90,30,0.90
2,181,6,160.30,35,0.90
2,182,7,0.00,0,0.70
2,182,7,25.40,10,0.70
2,182,7,66.50,15,0.70
2,182,7,79.10,20,0.70
2,182,7,125.50,25,0.70
2,182,7,180.80,30,0.70
2,182,7,201.00,35,0.70
2,183,8,0.00,0,0.70
2,183,8,45.40,10,0.70
2,183,8,63.00,15,0.70
2,183,8,99.10,20,0.70
2,183,8,156.00,25,0.70
2,183,8,152.00,30,0.70
2,183,8,184.00,35,0.70
2,184,9,0.00,0,0.50
2,184,9,30.10,10,0.50
2,184,9,57.00,15,0.50
2,184,9,61.80,20,0.50
2,184,9,85.20,25,0.50
2,184,9,108.20,30,0.50
2,184,9,169.70,35,0.50
2,185,10,0.00,0,0.50
2,185,10,35.80,10,0.50
2,185,10,59.70,15,0.50
2,185,10,93.80,20,0.50
2,185,10,112.40,25,0.50
2,185,10,158.00,30,0.50
2,185,10,175.12,35,0.50
2,186,11,0.00,0,0.30
2,186,11,35.80,10,0.30
2,186,11,65.50,15,0.30
2,186,11,81.10,20,0.30
2,186,11,147.10,25,0.30
2,186,11,155.20,30,0.30
2,186,11,265.00,35,0.30
2,187,12,0.00,0,0.30
2,187,12,21.60,10,0.30
2,187,12,60.80,15,0.30
2,187,12,107.70,20,0.30
2,187,12,153.50,25,0.30
2,187,12,212.00,30,0.30
2,187,12,225.00,35,0.30
2,188,1,0.00,0,1.30
2,188,1,38.10,10,1.30
2,188,1,83.50,15,1.30
2,188,1,85.20,20,1.30
2,188,1,110.50,25,1.30
2,188,1,154.50,30,1.30
2,188,1,227.00,35,1.30
2,189,3,0.00,0,1.10
2,189,3,31.90,10,1.10
2,189,3,56.70,15,1.10
2,189,3,79.50,20,1.10
2,189,3,122.20,25,1.10
2,189,3,138.30,30,1.10
2,189,3,193.50,35,1.10
2,190,4,0.00,0,1.10
2,190,4,61.80,10,1.10
2,190,4,75.30,15,1.10
2,190,4,118.10,20,1.10
2,190,4,152.70,25,1.10
2,190,4,187.00,30,1.10
2,190,4,364.00,35,1.10
2,191,5,0.00,0,0.90
2,191,5,61.00,10,0.90
2,191,5,76.80,15,0.90
2,191,5,155.40,20,0.90
2,191,5,171.80,25,0.90
2,191,5,183.60,30,0.90
2,191,5,247.00,35,0.90
2,192,6,0.00,0,0.90
2,192,6,33.60,10,0.90
2,192,6,67.90,15,0.90
2,192,6,81.20,20,0.90
2,192,6,113.60,25,0.90
2,192,6,142.70,30,0.90
2,192,6,217.00,35,0.90
2,193,7,0.00,0,0.70
2,193,7,30.00,10,0.70
2,193,7,76.50,15,0.70
2,193,7,94.40,20,0.70
2,193,7,126.00,25,0.70
2,193,7,174.50,30,0.70
2,193,7,236.00,35,0.70
2,194,8,0.00,0,0.70
2,194,8,43.80,10,0.70
2,194,8,61.90,15,0.70
2,194,8,95.10,20,0.70
2,194,8,126.40,25,0.70
2,194,8,190.60,30,0.70
2,194,8,327.00,35,0.70
2,195,9,0.00,0,0.50
2,195,9,29.50,10,0.50
2,195,9,50.20,15,0.50
2,195,9,72.50,20,0.50
2,195,9,86.40,25,0.50
2,195,9,114.30,30,0.50
2,195,9,169.80,35,0.50
2,196,10,0.00,0,0.50
2,196,10,35.90,10,0.50
2,196,10,59.60,15,0.50
2,196,10,89.30,20,0.50
2,196,10,115.60,25,0.50
2,196,10,144.70,30,0.50
2,196,10,195.60,35,0.50
2,197,11,0.00,0,0.30
2,197,11,35.20,10,0.30
2,197,11,60.00,15,0.30
2,197,11,82.70,20,0.30
2,197,11,143.30,25,0.30
2,197,11,199.10,30,0.30
2,197,11,268.00,35,0.30
2,198,12,0.00,0,0.30
2,198,12,29.10,10,0.30
2,198,12,63.30,15,0.30
2,198,12,111.80,20,0.30
2,198,12,152.20,25,0.30
2,198,12,203.00,30,0.30
2,198,12,205.00,35,0.30
2,199,1,0.00,0,1.30
2,199,1,48.60,10,1.30
2,199,1,80.70,15,1.30
2,199,1,79.60,20,1.30
2,199,1,115.70,25,1.30
2,199,1,128.90,30,1.30
2,199,1,237.00,35,1.30
2,200,3,0.00,0,1.10
2,200,3,37.10,10,1.10
2,200,3,57.10,15,1.10
2,200,3,78.70,20,1.10
2,200,3,103.90,25,1.10
2,200,3,129.50,30,1.10
2,200,3,245.00,35,1.10
2,201,4,0.00,0,1.10
2,201,4,55.00,10,1.10
2,201,4,80.90,15,1.10
2,201,4,107.60,20,1.10
2,201,4,154.90,25,1.10
2,201,4,181.20,30,1.10
2,201,4,449.00,35,1.10
2,202,5,0.00,0,0.90
2,202,5,49.30,10,0.90
2,202,5,86.10,15,0.90
2,202,5,131.30,20,0.90
2,202,5,171.70,25,0.90
2,202,5,190.70,30,0.90
2,202,5,238.00,35,0.90
2,203,6,0.00,0,0.90
2,203,6,33.70,10,0.90
2,203,6,65.90,15,0.90
2,203,6,85.40,20,0.90
2,203,6,111.50,25,0.90
2,203,6,144.00,30,0.90
2,203,6,158.80,35,0.90
2,204,7,0.00,0,0.70
2,204,7,26.60,10,0.70
2,204,7,60.10,15,0.70
2,204,7,90.80,20,0.70
2,204,7,148.30,25,0.70
2,204,7,207.00,30,0.70
2,204,7,389.00,35,0.70
2,205,8,0.00,0,0.70
2,205,8,40.20,10,0.70
2,205,8,60.70,15,0.70
2,205,8,94.80,20,0.70
2,205,8,122.70,25,0.70
2,205,8,154.10,30,0.70
2,205,8,185.20,35,0.70
2,206,9,0.00,0,0.50
2,206,9,30.50,10,0.50
2,206,9,56.80,15,0.50
2,206,9,62.90,20,0.50
2,206,9,94.60,25,0.50
2,206,9,107.90,30,0.50
2,206,9,170.40,35,0.50
2,207,10,0.00,0,0.50
2,207,10,36.70,10,0.50
2,207,10,58.60,15,0.50
2,207,10,87.30,20,0.50
2,207,10,99.90,25,0.50
2,207,10,141.80,30,0.50
2,207,10,175.60,35,0.50
2,208,11,0.00,0,0.30
2,208,11,34.20,10,0.30
2,208,11,66.70,15,0.30
2,208,11,82.60,20,0.30
2,208,11,191.10,25,0.30
2,208,11,171.50,30,0.30
2,208,11,214.00,35,0.30
2,209,12,0.00,0,0.30
2,209,12,23.80,10,0.30
2,209,12,61.50,15,0.30
2,209,12,97.40,20,0.30
2,209,12,119.00,25,0.30
2,209,12,168.30,30,0.30
2,209,12,219.00,35,0.30
2,210,1,0.00,0,1.30
2,210,1,46.20,10,1.30
2,210,1,80.30,15,1.30
2,210,1,83.00,20,1.30
2,210,1,117.00,25,1.30
2,210,1,154.70,30,1.30
2,210,1,217.00,35,1.30
2,211,3,0.00,0,1.10
2,211,3,36.60,10,1.10
2,211,3,61.80,15,1.10
2,211,3,80.80,20,1.10
2,211,3,106.20,25,1.10
2,211,3,127.10,30,1.10
2,211,3,207.00,35,1.10
2,212,4,0.00,0,1.10
2,212,4,65.00,10,1.10
2,212,4,103.50,15,1.10
2,212,4,122.20,20,1.10
2,212,4,158.70,25,1.10
2,212,4,265.00,30,1.10
2,212,4,344.00,35,1.10
2,213,5,0.00,0,0.90
2,213,5,56.00,10,0.90
2,213,5,73.00,15,0.90
2,213,5,156.10,20,0.90
2,213,5,156.80,25,0.90
2,213,5,192.90,30,0.90
2,213,5,248.00,35,0.90
2,214,6,0.00,0,0.90
2,214,6,34.50,10,0.90
2,214,6,67.10,15,0.90
2,214,6,85.00,20,0.90
2,214,6,112.60,25,0.90
2,214,6,180.50,30,0.90
2,214,6,216.00,35,0.90
2,215,7,0.00,0,0.70
2,215,7,20.60,10,0.70
2,215,7,62.80,15,0.70
2,215,7,79.70,20,0.70
2,215,7,138.30,25,0.70
2,215,7,164.30,30,0.70
2,215,7,199.80,35,0.70
2,216,8,0.00,0,0.70
2,216,8,40.20,10,0.70
2,216,8,59.50,15,0.70
2,216,8,96.00,20,0.70
2,216,8,135.50,25,0.70
2,216,8,150.50,30,0.70
2,216,8,217.00,35,0.70
2,217,9,0.00,0,0.50
2,217,9,30.10,10,0.50
2,217,9,56.30,15,0.50
2,217,9,63.30,20,0.50
2,217,9,93.60,25,0.50
2,217,9,107.00,30,0.50
2,217,9,169.70,35,0.50
2,218,10,0.00,0,0.50
2,218,10,38.10,10,0.50
2,218,10,52.30,15,0.50
2,218,10,95.50,20,0.50
2,218,10,115.40,25,0.50
2,218,10,161.40,30,0.50
2,218,10,181.60,35,0.50
2,219,11,0.00,0,0.30
2,219,11,33.30,10,0.30
2,219,11,66.20,15,0.30
2,219,11,83.80,20,0.30
2,219,11,169.50,25,0.30
2,219,11,199.20,30,0.30
2,219,11,336.00,35,0.30
2,220,12,0.00,0,0.30
2,220,12,23.00,10,0.30
2,220,12,53.40,15,0.30
2,220,12,136.50,20,0.30
2,220,12,149.70,25,0.30
2,220,12,254.00,30,0.30
2,220,12,242.00,35,0.30
2,221,1,0.00,0,1.30
2,221,1,51.50,10,1.30
2,221,1,84.80,15,1.30
2,221,1,85.00,20,1.30
2,221,1,118.60,25,1.30
2,221,1,133.80,30,1.30
2,221,1,206.00,35,1.30
2,222,3,0.00,0,1.10
2,222,3,31.40,10,1.10
2,222,3,55.50,15,1.10
2,222,3,70.00,20,1.10
2,222,3,94.10,25,1.10
2,222,3,107.80,30,1.10
2,222,3,209.00,35,1.10
2,223,4,0.00,0,1.10
2,223,4,77.90,10,1.10
2,223,4,95.50,15,1.10
2,223,4,122.60,20,1.10
2,223,4,158.40,25,1.10
2,224,5,0.00,0,0.90
2,224,5,64.90,10,0.90
2,224,5,94.20,15,0.90
2,224,5,136.70,20,0.90
2,224,5,171.50,25,0.90
2,224,5,172.60,30,0.90
2,224,5,246.00,35,0.90
2,225,6,0.00,0,0.90
2,225,6,36.90,10,0.90
2,225,6,74.60,15,0.90
2,225,6,93.40,20,0.90
2,225,6,119.80,25,0.90
2,225,6,181.40,30,0.90
2,225,6,211.00,35,0.90
2,226,7,0.00,0,0.70
2,226,7,20.40,10,0.70
2,226,7,60.50,15,0.70
2,226,7,91.10,20,0.70
2,226,7,129.50,25,0.70
2,226,7,170.00,30,0.70
2,226,7,251.00,35,0.70
2,227,8,0.00,0,0.70
2,227,8,25.60,10,0.70
2,227,8,58.90,15,0.70
2,227,8,97.20,20,0.70
2,227,8,125.70,25,0.70
2,227,8,156.80,30,0.70
2,227,8,178.40,35,0.70
2,228,9,0.00,0,0.50
2,228,9,30.40,10,0.50
2,228,9,49.20,15,0.50
2,228,9,66.50,20,0.50
2,228,9,85.30,25,0.50
2,228,9,107.50,30,0.50
2,228,9,155.00,35,0.50
2,229,10,0.00,0,0.50
2,229,10,36.10,10,0.50
2,229,10,51.80,15,0.50
2,229,10,92.80,20,0.50
2,229,10,108.00,25,0.50
2,229,10,172.20,30,0.50
2,229,10,173.90,35,0.50
2,230,11,0.00,0,0.30
2,230,11,39.80,10,0.30
2,230,11,65.60,15,0.30
2,230,11,82.10,20,0.30
2,230,11,185.20,25,0.30
2,230,11,160.60,30,0.30
2,230,11,239.00,35,0.30
2,231,12,0.00,0,0.30
2,231,12,29.80,10,0.30
2,231,12,63.10,15,0.30
2,231,12,109.50,20,0.30
2,231,12,153.60,25,0.30
2,231,12,241.00,30,0.30
2,231,12,233.00,35,0.30